batch,tongue,location,tongue_weight,tongue_temperature,cold_injury,avulsion_injury,poor_quality,method,file,start_time,end_time,contact_time,application_time,detachment_force,metal_temp,avg_temperature,avg_humidity,avg_pressure
1,1,APEX,173,,False,False,False,Motor,11.03.25 15-09-45.csv,2025-03-11T15:07:00Z,2025-03-11T15:10:59Z,5.898214,3.439214,6.743847356905342,-27.9641685513042,24.0142666666667,13.0273333333333,994.324533333333
1,1,BASIS,173,31.0,True,False,False,Jerk,11.03.25 15-45-53.csv,2025-03-11T15:45:00Z,2025-03-11T15:46:59Z,3.411015,3.238987,18.638695195693966,-18.4129659930838,24.0239024390244,13.4712195121951,994.41
1,2,APEX,188,27.0,True,True,True,Motor,11.03.25 15-47-59.csv,2025-03-11T15:47:00Z,2025-03-11T15:48:59Z,6.784213,4.564213,5.471537885361035,-12.9701022407853,24.02525,13.10675,994.42275
1,2,BASIS,188,30.0,False,True,False,Motor,11.03.25 15-14-24.csv,2025-03-11T15:13:00Z,2025-03-11T15:14:59Z,9.111214,5.811215999999999,13.502768974457585,-15.0936699922273,23.9786486486487,13.0554054054054,994.333513513514
1,3,APEX,225,28.0,False,True,True,Motor,11.03.25 15-17-00.csv,2025-03-11T15:16:00Z,2025-03-11T15:17:59Z,4.031214,0.2680089999999997,3.494297363843102,-9.34211736318664,24.0045,12.86575,994.3425
1,3,BASIS,225,33.0,True,False,False,Motor,11.03.25 15-52-11.csv,2025-03-11T15:50:00Z,2025-03-11T15:52:59Z,5.990206,4.706,0.8606984099915513,-42.7221560503335,23.9947540983607,13.092131147541,994.447540983607
1,4,APEX,224,,False,False,False,Jerk,11.03.25 15-20-11.csv,2025-03-11T15:19:00Z,2025-03-11T15:20:59Z,6.631,0.0,21.672599515613104,-3.4389657355621,24.074,13.18775,994.344
1,4,BASIS,224,34.0,True,True,False,Jerk,11.03.25 15-54-15.csv,2025-03-11T15:53:00Z,2025-03-11T15:54:59Z,2.76,2.46,15.499061686515343,-32.9841029802064,23.9995,13.026,994.452
1,5,APEX,213,34.0,True,True,False,Jerk,11.03.25 15-55-41.csv,2025-03-11T15:55:00Z,2025-03-11T15:57:59Z,8.726954000000001,6.363999999999999,19.257577341141545,-27.0825737369491,23.9866666666667,12.9603333333333,994.443833333333
1,5,BASIS,213,28.0,True,False,False,Motor,11.03.25 15-38-13.csv,2025-03-11T15:36:00Z,2025-03-11T15:38:59Z,6.652213,1.2877879999999997,2.2762133576813772,-46.0243752076253,23.9569491525424,13.0877966101695,994.359322033898
1,6,APEX,168,34.5,True,True,False,Jerk,11.03.25 15-57-17.csv,2025-03-11T15:56:00Z,2025-03-11T15:58:59Z,2.986993,2.099443,9.091244723197068,-21.2181817638621,23.9783928571429,12.9798214285714,994.444642857143
1,6,BASIS,168,,True,False,False,Jerk,11.03.25 15-41-59.csv,2025-03-11T15:39:00Z,2025-03-11T15:42:59Z,10.183017,7.315077,9.132280210513622,-30.7355478862645,23.9948684210526,13.1217105263158,994.385921052632
2,1,APEX,187,33.0,True,True,True,Jerk,12.03.25 13-40-44.csv,2025-03-12T13:39:00Z,2025-03-12T13:41:59Z,3.051985,2.2960000000000003,11.565726481331378,-30.3127765058111,23.6591379310345,14.7775862068966,995.726206896552
2,1,BASIS,187,34.0,True,False,False,Motor,12.03.25 13-25-11.csv,2025-03-12T13:23:00Z,2025-03-12T13:25:59Z,8.172213,4.563000000000001,3.294563410271725,-30.5683202909099,23.2872413793103,14.5625862068966,995.82724137931
2,2,APEX,184,34.0,True,True,True,Motor,12.03.25 13-42-54.csv,2025-03-12T13:42:00Z,2025-03-12T13:44:59Z,7.771214,6.010207,2.9591611108782745,-25.5562179194206,23.7276363636364,14.6747272727273,995.703818181818
2,2,BASIS,184,35.0,True,True,False,Jerk,12.03.25 13-27-44.csv,2025-03-12T13:26:00Z,2025-03-12T13:28:59Z,5.010992,4.6550069999999995,27.823944683202935,-21.9983958582956,23.3096610169492,14.5494915254237,995.80593220339
2,3,APEX,159,37.0,True,True,True,Motor,12.03.25 13-30-28.csv,2025-03-12T13:29:00Z,2025-03-12T13:30:59Z,6.5902140000000005,1.6359999999999997,5.8502786841143095,-14.3199416049741,23.3297435897436,14.5825641025641,995.777435897436
2,3,BASIS,159,35.0,True,False,False,Motor,12.03.25 13-45-44.csv,2025-03-12T13:44:00Z,2025-03-12T13:46:59Z,6.679213,4.028,9.452398884528968,-19.9624264327108,23.7546551724138,14.6846551724138,995.699482758621
2,4,APEX,173,34.0,False,True,False,Motor,12.03.25 13-32-57.csv,2025-03-12T13:31:00Z,2025-03-12T13:33:59Z,7.147214000000001,5.79907,3.114719106165,-8.47803858617307,23.308275862069,14.5248275862069,995.736551724138
2,4,BASIS,173,36.0,True,True,False,Motor,12.03.25 13-47-31.csv,2025-03-12T13:46:00Z,2025-03-12T13:47:59Z,6.911213999999999,3.2679850000000004,15.659016341157411,-16.7721884911596,23.7823076923077,14.5858974358974,995.694871794872
2,5,APEX,173,36.0,True,False,False,Jerk,12.03.25 13-36-38.csv,2025-03-12T13:35:00Z,2025-03-12T13:37:59Z,4.152,3.176017,1.5861472036234459,-40.606847349506,23.4664406779661,14.6827118644068,995.74
2,5,BASIS,173,37.0,False,True,False,Jerk,12.03.25 13-50-48.csv,2025-03-12T13:50:00Z,2025-03-12T13:51:59Z,2.368015,1.576,16.645124225141892,-11.4957955093641,23.839756097561,14.4478048780488,995.653170731707
2,6,APEX,209,36.0,True,True,True,Jerk,12.03.25 13-52-22.csv,2025-03-12T13:51:00Z,2025-03-12T13:52:59Z,2.9299999999999997,2.0749930000000005,1.8997755709713784,-9.22639735015263,23.8466666666667,14.4964102564103,995.650256410256
2,6,BASIS,209,37.0,True,True,False,Jerk,12.03.25 13-38-38.csv,2025-03-12T13:37:00Z,2025-03-12T13:39:59Z,5.327,4.415992000000001,7.450453324728622,-35.3609686169823,23.5803448275862,14.8153448275862,995.731206896552
3,1,APEX,184,34.0,True,False,False,Jerk,12.03.25 14-22-44.csv,2025-03-12T14:21:00Z,2025-03-12T14:23:59Z,8.183214,4.1079989999999995,15.792381674936205,-39.0686310867307,23.8537288135593,14.686779661017,995.524237288136
3,1,BASIS,184,32.0,True,False,False,Motor,12.03.25 14-38-26.csv,2025-03-12T14:37:00Z,2025-03-12T14:38:59Z,0.012,0.0,0.017586637421381678,-24.0976948897329,24.0084615384615,14.1771794871795,995.468461538462
3,2,APEX,214,34.0,True,False,True,Motor,12.03.25 14-24-46.csv,2025-03-12T14:23:00Z,2025-03-12T14:25:59Z,9.107214,6.648,6.559815758174483,-31.5561276466232,23.8848333333333,14.2076666666667,995.506
3,2,BASIS,214,38.0,True,True,False,Jerk,12.03.25 14-42-25.csv,2025-03-12T14:41:00Z,2025-03-12T14:42:59Z,5.087,4.467,26.62449413811862,-13.2940492707361,24.0370731707317,13.9746341463415,995.455365853659
3,3,APEX,185,37.0,True,False,False,Motor,12.03.25 14-46-40.csv,2025-03-12T14:45:00Z,2025-03-12T14:46:59Z,5.235214,3.1192139999999995,3.2836764442489663,-33.1524211349368,24.0715384615385,14.0561538461538,995.35358974359
3,3,BASIS,185,33.0,True,True,False,Jerk,12.03.25 14-27-01.csv,2025-03-12T14:25:00Z,2025-03-12T14:27:59Z,2.650992,2.343,20.386262607077928,-24.2829472191996,23.9290322580645,13.9895161290323,995.498387096774
3,4,APEX,215,38.0,True,True,False,Jerk,12.03.25 14-48-53.csv,2025-03-12T14:47:00Z,2025-03-12T14:49:59Z,7.859007,6.715,31.089406395836892,-25.0930852747755,24.1014754098361,14.2522950819672,995.332459016394
3,4,BASIS,215,34.0,False,True,False,Jerk,12.03.25 14-28-55.csv,2025-03-12T14:27:00Z,2025-03-12T14:29:59Z,6.11,3.5020080000000005,26.424550819816034,-18.8890619956241,23.9581355932203,13.928813559322,995.48220338983
3,5,APEX,187,38.0,True,True,True,Jerk,12.03.25 14-50-41.csv,2025-03-12T14:50:00Z,2025-03-12T14:52:59Z,5.098015,4.508,14.12311667302362,-19.3922905184266,24.1318644067797,14.2018644067797,995.330169491525
3,5,BASIS,187,37.0,True,False,False,Motor,12.03.25 14-32-14.csv,2025-03-12T14:31:00Z,2025-03-12T14:32:59Z,5.330248,4.159,2.0921817589505163,-47.4619982143747,23.973,13.924,995.48525
3,6,APEX,224,34.0,True,False,False,Motor,12.03.25 14-35-56.csv,2025-03-12T14:33:00Z,2025-03-12T14:36:59Z,6.112257,3.252,1.5580923296417217,-32.4236858479435,23.9971428571429,14.0202597402597,995.479090909091
3,6,BASIS,224,36.0,True,True,False,Motor,12.03.25 14-52-31.csv,2025-03-12T14:51:00Z,2025-03-12T14:52:59Z,8.180214,4.582212999999999,21.543212111727243,-14.2657144674955,24.1341025641026,14.0728205128205,995.323076923077
4,1,APEX,218,36.0,True,False,False,Jerk,12.03.25 15-18-20.csv,2025-03-12T15:17:00Z,2025-03-12T15:18:59Z,5.4990000000000006,4.179007,10.00072511555983,-35.7537402112647,24.02725,14.371,995.36
4,1,BASIS,218,35.0,True,False,False,Motor,12.03.25 15-30-55.csv,2025-03-12T15:30:00Z,2025-03-12T15:31:59Z,9.893257,7.901214,4.042623594873964,-27.842565615757,24.1539473684211,14.6081578947368,995.370263157895
4,2,APEX,194,34.0,True,False,False,Motor,12.03.25 15-34-33.csv,2025-03-12T15:32:00Z,2025-03-12T15:34:59Z,7.625214000000001,5.008007,5.2923216754479325,-28.4255876318374,24.1649180327869,14.3577049180328,995.355409836066
4,2,BASIS,194,34.0,True,True,False,Jerk,12.03.25 15-20-09.csv,2025-03-12T15:19:00Z,2025-03-12T15:20:59Z,3.736,2.564007,11.310301509258963,-29.5731435385203,24.0592682926829,14.4129268292683,995.371463414634
4,3,APEX,226,34.0,True,True,True,Motor,12.03.25 15-36-17.csv,2025-03-12T15:35:00Z,2025-03-12T15:36:59Z,10.111214,5.12,21.10815220027931,-22.2490454000478,24.1694871794872,14.4376923076923,995.345897435898
4,3,BASIS,226,35.0,True,True,False,Motor,12.03.25 15-22-08.csv,2025-03-12T15:21:00Z,2025-03-12T15:22:59Z,6.855213999999999,4.859342,4.410477427604479,-23.552414008719,24.0839473684211,14.4810526315789,995.391578947368
4,4,APEX,233,32.0,True,True,True,Jerk,12.03.25 15-38-05.csv,2025-03-12T15:37:00Z,2025-03-12T15:38:59Z,3.211,2.635,6.795769810244655,-16.6014724695047,24.1731707317073,14.4185365853659,995.352926829268
4,4,BASIS,233,33.0,True,False,False,Motor,12.03.25 15-25-10.csv,2025-03-12T15:23:00Z,2025-03-12T15:25:59Z,5.934214,3.488007,2.0524024600212067,-51.5097306937187,24.1147540983607,14.4316393442623,995.381639344262
4,5,APEX,148,31.0,True,False,False,Jerk,12.03.25 15-27-10.csv,2025-03-12T15:26:00Z,2025-03-12T15:27:59Z,3.0120000000000005,2.035993,5.217369101675859,-42.2540837639069,24.1392682926829,14.4678048780488,995.381463414634
4,5,BASIS,148,34.0,True,True,False,Jerk,12.03.25 15-39-28.csv,2025-03-12T15:38:00Z,2025-03-12T15:39:59Z,5.09,3.958,21.56833587947207,-12.7327028159546,24.17,14.2995,995.34775
4,6,APEX,175,33.0,True,False,True,Jerk,12.03.25 15-28-57.csv,2025-03-12T15:28:00Z,2025-03-12T15:29:59Z,2.9520060000000004,1.944,5.633586187315173,-34.9605293958566,24.1436585365854,14.7378048780488,995.383902439024
4,6,BASIS,175,29.0,True,False,False,Motor,12.03.25 15-42-56.csv,2025-03-12T15:41:00Z,2025-03-12T15:43:59Z,4.554250000000001,1.415992,4.5677103407408595,-37.5987413432318,24.1852459016393,14.3365573770492,995.313114754098
5,1,APEX,196,37.0,True,False,True,Motor,12.03.25 15-59-53.csv,2025-03-12T15:59:00Z,2025-03-12T16:00:59Z,6.547212,1.44,12.14985408139862,-26.9119081494357,24.0039024390244,14.3751219512195,995.178292682927
5,1,BASIS,196,36.0,True,False,False,Jerk,12.03.25 16-13-24.csv,2025-03-12T16:13:00Z,2025-03-12T16:15:59Z,7.506,7.198,5.393863570083275,-34.7523569212289,24.1356140350877,14.380350877193,995.217368421053
5,2,APEX,196,37.0,True,True,True,Motor,12.03.25 16-01-44.csv,2025-03-12T16:01:00Z,2025-03-12T16:02:59Z,7.441166,2.751,13.723648765880862,-21.1321577812606,24.0573170731707,14.5492682926829,995.17243902439
5,2,BASIS,196,35.0,False,True,False,Motor,12.03.25 16-14-49.csv,2025-03-12T16:14:00Z,2025-03-12T16:15:59Z,5.171214,3.355214,3.071799336267587,-29.6324459018572,24.14,14.3325641025641,995.215384615385
5,3,APEX,220,35.0,True,True,True,Motor,12.03.25 16-17-56.csv,2025-03-12T16:16:00Z,2025-03-12T16:18:59Z,7.592214,3.016,21.35708686568431,-20.6002527005916,24.1468333333333,14.301,995.2005
5,3,BASIS,220,35.0,True,True,False,Jerk,12.03.25 16-04-11.csv,2025-03-12T16:03:00Z,2025-03-12T16:04:59Z,6.028007,4.915998999999999,25.260064184843273,-14.474098870984,24.0766666666667,14.3694871794872,995.204102564103
5,4,APEX,205,35.0,True,True,True,Jerk,12.03.25 16-19-28.csv,2025-03-12T16:18:00Z,2025-03-12T16:20:59Z,8.230993,5.615,18.64916343225431,-17.0602083233006,24.1518032786885,14.4211475409836,995.208360655738
5,4,BASIS,205,36.0,True,False,False,Jerk,12.03.25 16-06-10.csv,2025-03-12T16:05:00Z,2025-03-12T16:06:59Z,2.57898,1.5560000000000005,14.340018534553964,-9.80985108358937,24.1082051282051,14.52,995.225897435897
5,5,APEX,231,36.0,False,True,True,Jerk,12.03.25 16-20-46.csv,2025-03-12T16:20:00Z,2025-03-12T16:20:59Z,2.1990000000000003,1.428013,17.976055821424136,-14.2795525895817,24.1535,14.4185,995.211
5,5,BASIS,231,37.0,True,False,False,Motor,12.03.25 16-09-59.csv,2025-03-12T16:09:00Z,2025-03-12T16:10:59Z,8.769257,6.3339929999999995,3.406154812004999,-49.1971945725689,24.11425,14.3445,995.26
5,6,APEX,158,36.0,True,False,True,Motor,12.03.25 16-11-49.csv,2025-03-12T16:11:00Z,2025-03-12T16:12:59Z,9.288214,4.612,9.922632070819658,-41.0537329197437,24.1266666666667,14.3284615384615,995.238461538462
5,6,BASIS,158,34.0,True,True,False,Jerk,12.03.25 16-22-05.csv,2025-03-12T16:21:00Z,2025-03-12T16:22:59Z,3.778,3.382,18.290102918234485,-11.6548374401048,24.164,14.4695,995.212
6,1,APEX,208,36.0,True,False,True,Motor,12.03.25 16-54-19.csv,2025-03-12T16:53:00Z,2025-03-12T16:54:59Z,11.866199,6.1639930000000005,12.09311623924155,-24.8307718949184,24.1576923076923,14.8682051282051,995.263076923077
6,1,BASIS,208,36.0,True,True,False,Motor,12.03.25 16-40-59.csv,2025-03-12T16:40:00Z,2025-03-12T16:41:59Z,5.187213,2.852,5.804218443248792,-36.2337750620761,24.0835,14.934,995.198
6,2,APEX,207,35.0,True,False,True,Jerk,12.03.25 16-57-55.csv,2025-03-12T16:56:00Z,2025-03-12T16:58:59Z,4.656015,2.148000000000001,5.17277441392879,-37.5120547551008,24.1447457627119,14.6327118644068,995.291016949153
6,2,BASIS,207,36.0,True,True,False,Jerk,12.03.25 16-42-47.csv,2025-03-12T16:42:00Z,2025-03-12T16:42:59Z,6.811992999999999,5.508001999999999,23.257699895580515,-28.5670530316428,24.1128571428571,15.0695238095238,995.19
6,3,APEX,180,35.0,True,False,True,Jerk,12.03.25 16-59-34.csv,2025-03-12T16:58:00Z,2025-03-12T16:59:59Z,5.648000000000001,4.6080000000000005,10.916905179321205,-31.825823170748,24.14925,14.8725,995.29525
6,3,BASIS,180,36.0,True,True,False,Jerk,12.03.25 16-44-35.csv,2025-03-12T16:43:00Z,2025-03-12T16:44:59Z,3.819,3.3480000000000003,25.1516132540781,-21.8744802865061,24.1209756097561,14.8065853658537,995.199756097561
6,4,APEX,225,36.0,True,False,False,Motor,12.03.25 16-48-43.csv,2025-03-12T16:47:00Z,2025-03-12T16:48:59Z,4.548382,3.1551419999999997,1.5432274337260325,-45.237017033354,24.1131578947368,14.8542105263158,995.2
6,4,BASIS,225,35.0,True,True,False,Jerk,12.03.25 17-00-57.csv,2025-03-12T17:00:00Z,2025-03-12T17:01:59Z,5.16,2.8909850000000006,26.0502066804181,-27.4646747711535,24.1631578947368,14.6984210526316,995.318947368421
6,5,APEX,147,36.0,True,False,True,Motor,12.03.25 16-50-53.csv,2025-03-12T16:49:00Z,2025-03-12T16:51:59Z,6.708214,2.508,13.336324013148104,-36.4897272585388,24.1424137931035,14.8386206896552,995.236724137931
6,5,BASIS,147,33.0,True,True,False,Motor,12.03.25 17-02-42.csv,2025-03-12T17:01:00Z,2025-03-12T17:03:59Z,5.2422640000000005,2.243007,20.031180022951038,-22.4308953460661,24.1737931034483,14.6589655172414,995.315172413793
6,6,APEX,178,36.0,True,False,True,Motor,12.03.25 16-52-43.csv,2025-03-12T16:51:00Z,2025-03-12T16:52:59Z,7.235214,3.186,4.443347690403967,-29.955334759106,24.1575609756098,14.7309756097561,995.259512195122
6,6,BASIS,178,35.0,True,False,False,Jerk,12.03.25 17-05-58.csv,2025-03-12T17:05:00Z,2025-03-12T17:06:59Z,6.562,4.024000999999999,39.3440296531312,-33.0930873517439,24.1569230769231,15.0012820512821,995.306923076923
7,1,APEX,222,35.0,True,True,True,Motor,12.03.25 17-45-51.csv,2025-03-12T17:45:00Z,2025-03-12T17:46:59Z,13.072214,4.908,29.19067764852155,-29.0432747123024,24.0841025641026,14.5607692307692,995.244871794872
7,1,BASIS,222,35.0,True,False,False,Jerk,12.03.25 17-34-20.csv,2025-03-12T17:33:00Z,2025-03-12T17:34:59Z,2.648,2.444,6.053362473385001,-46.1276402495544,24.00975,14.57875,995.26275
7,2,APEX,262,35.0,True,False,True,Jerk,12.03.25 17-35-53.csv,2025-03-12T17:34:00Z,2025-03-12T17:36:59Z,6.156,2.42,10.057881687179307,-39.3913885334661,24.0366666666667,14.6685,995.258166666667
7,2,BASIS,262,34.0,True,False,False,Jerk,12.03.25 17-50-01.csv,2025-03-12T17:49:00Z,2025-03-12T17:50:59Z,2.587,2.263,6.690459350447587,-42.3940995444743,24.0805128205128,14.82,995.296666666667
7,3,APEX,209,36.0,True,False,True,Jerk,12.03.25 17-37-39.csv,2025-03-12T17:37:00Z,2025-03-12T17:39:59Z,4.700986,1.3859930000000005,24.264744252685688,-32.4985875740467,24.047868852459,14.5249180327869,995.249508196721
7,3,BASIS,209,34.0,True,False,False,Motor,12.03.25 17-51-26.csv,2025-03-12T17:50:00Z,2025-03-12T17:51:59Z,9.931198,7.699214,18.15317838402517,-37.5974003022874,24.0915384615385,14.874358974359,995.309743589744
7,4,APEX,213,32.0,True,True,True,Motor,12.03.25 17-53-54.csv,2025-03-12T17:53:00Z,2025-03-12T17:54:59Z,6.710258,2.564007,16.82287488193655,-24.7826276137885,24.0975609756098,14.7390243902439,995.332926829268
7,4,BASIS,213,35.0,True,True,False,Motor,12.03.25 17-39-58.csv,2025-03-12T17:39:00Z,2025-03-12T17:41:59Z,8.250212999999999,5.892,10.74396991134431,-55.2915009528701,24.05,14.5711666666667,995.241166666667
7,5,APEX,178,33.0,True,False,True,Jerk,12.03.25 17-42-27.csv,2025-03-12T17:40:00Z,2025-03-12T17:42:59Z,4.306,1.679002,5.575382792039655,-42.9175051339723,24.0581034482759,14.6196551724138,995.238965517241
7,5,BASIS,178,33.0,True,False,False,Motor,12.03.25 17-55-43.csv,2025-03-12T17:55:00Z,2025-03-12T17:56:59Z,8.155214,4.595,12.962189238481379,-20.3783362141674,24.1089743589744,14.7797435897436,995.351025641026
7,6,APEX,203,33.0,True,True,True,Jerk,12.03.25 17-57-08.csv,2025-03-12T17:57:00Z,2025-03-12T17:59:59Z,8.247993,6.22,16.401004948554654,-17.2213800683634,24.0862295081967,14.5926229508197,995.342950819672
7,6,BASIS,203,35.0,True,False,False,Motor,12.03.25 17-44-18.csv,2025-03-12T17:43:00Z,2025-03-12T17:44:59Z,5.555206,2.9022129999999997,5.634842375702411,-34.9707600278212,24.078,14.77125,995.23775
8,1,APEX,251,34.0,True,False,True,Jerk,12.03.25 18-23-48.csv,2025-03-12T18:23:00Z,2025-03-12T18:24:59Z,3.1479930000000005,2.1159929999999996,8.362027364403447,-38.7878771348763,24.0667567567568,14.4997297297297,995.350810810811
8,1,BASIS,251,33.0,True,False,False,Jerk,12.03.25 18-09-20.csv,2025-03-12T18:08:00Z,2025-03-12T18:09:59Z,4.923007,3.883014999999999,11.773416294688621,-39.2706772868613,24.0210256410256,14.7451282051282,995.33641025641
8,2,APEX,164,33.0,True,False,True,Jerk,12.03.25 18-11-12.csv,2025-03-12T18:10:00Z,2025-03-12T18:11:59Z,7.861,5.265,14.489714317366897,-31.780290547613,24.0261111111111,14.7363888888889,995.333888888889
8,2,BASIS,164,33.0,True,False,False,Motor,12.03.25 18-25-40.csv,2025-03-12T18:24:00Z,2025-03-12T18:25:59Z,6.3882140000000005,3.832,3.2489218988686193,-32.0335548145197,24.0721052631579,14.6236842105263,995.337105263158
8,3,APEX,254,35.0,True,True,False,Jerk,12.03.25 18-27-04.csv,2025-03-12T18:26:00Z,2025-03-12T18:27:59Z,8.689,4.786,30.940548071948793,-27.448478236052,24.1015,14.58225,995.3585
8,3,BASIS,254,35.0,True,True,False,Motor,12.03.25 18-13-13.csv,2025-03-12T18:11:00Z,2025-03-12T18:13:59Z,13.250214,8.316,13.088645536130343,-24.6803871835569,24.0461016949153,14.8013559322034,995.325762711864
8,4,APEX,155,34.0,True,True,True,Motor,12.03.25 18-29-54.csv,2025-03-12T18:29:00Z,2025-03-12T18:31:59Z,10.215214,3.12,30.821628904623275,-26.6992509294469,24.1027586206897,14.6422413793103,995.351034482759
8,4,BASIS,155,34.0,True,True,False,Motor,12.03.25 18-15-56.csv,2025-03-12T18:14:00Z,2025-03-12T18:16:59Z,10.488214,6.0600000000000005,38.37802078334258,-16.5218395839249,24.0691666666667,14.5255,995.343333333333
8,5,APEX,178,34.0,True,True,True,Motor,12.03.25 18-17-57.csv,2025-03-12T18:16:00Z,2025-03-12T18:18:59Z,4.592214,1.5680000000000005,5.294415322759997,-11.3621486492101,24.0841935483871,14.5312903225806,995.35564516129
8,5,BASIS,178,34.0,True,True,False,Jerk,12.03.25 18-32-31.csv,2025-03-12T18:31:00Z,2025-03-12T18:32:59Z,8.585947,7.573985,26.84935185943483,-19.2105587466552,24.1213157894737,14.5710526315789,995.35552631579
8,6,APEX,197,33.0,True,False,True,Motor,12.03.25 18-22-25.csv,2025-03-12T18:20:00Z,2025-03-12T18:22:59Z,8.011213999999999,4.951993,0.28850459960310115,-44.3125971583583,24.0462903225806,14.5117741935484,995.356129032258
8,6,BASIS,197,33.0,True,True,False,Jerk,12.03.25 18-33-58.csv,2025-03-12T18:33:00Z,2025-03-12T18:34:59Z,3.24,2.344007,28.904685425692925,-15.5474823579199,24.1446341463415,14.6868292682927,995.355365853659
9,1,APEX,178,33.0,True,True,False,Motor,12.03.25 18-58-33.csv,2025-03-12T18:57:00Z,2025-03-12T18:58:59Z,8.054216,3.992007000000001,33.789792698943444,-30.2191506519413,24.1376315789474,14.7176315789474,995.396842105263
9,1,BASIS,178,35.0,True,True,False,Motor,12.03.25 18-47-21.csv,2025-03-12T18:46:00Z,2025-03-12T18:47:59Z,7.426206,2.2762450000000003,11.535159230575173,-33.2457040370517,24.1036842105263,14.9110526315789,995.373947368421
9,2,APEX,240,32.0,True,True,True,Jerk,12.03.25 19-00-12.csv,2025-03-12T18:59:00Z,2025-03-12T19:00:59Z,12.102,2.455007,34.01758152649655,-24.8876666331774,24.14825,14.605,995.40575
9,2,BASIS,240,32.0,True,True,False,Jerk,12.03.25 18-49-16.csv,2025-03-12T18:48:00Z,2025-03-12T18:49:59Z,8.381,6.648997,35.96132369102138,-26.341693415495,24.1233333333333,14.9720512820513,995.385641025641
9,3,APEX,189,34.0,True,True,True,Jerk,12.03.25 18-51-09.csv,2025-03-12T18:50:00Z,2025-03-12T18:51:59Z,6.12,3.397985,11.977337542884136,-20.3675529774023,24.1523076923077,15.0115384615385,995.39358974359
9,3,BASIS,189,34.0,True,True,False,Jerk,12.03.25 19-02-08.csv,2025-03-12T19:01:00Z,2025-03-12T19:02:59Z,5.215961,3.183993,34.606733880112756,-28.5197203980913,24.15225,14.57025,995.40375
9,4,APEX,189,32.0,True,True,False,Motor,12.03.25 19-03-35.csv,2025-03-12T19:02:00Z,2025-03-12T19:03:59Z,10.065206,6.494993,9.890808631676208,-24.1135454141151,24.15075,14.4765,995.41
9,4,BASIS,189,33.0,True,True,False,Jerk,12.03.25 18-52-44.csv,2025-03-12T18:51:00Z,2025-03-12T18:52:59Z,3.048,1.7240000000000002,36.09762013103707,-15.8957587103527,24.1515789473684,14.9763157894737,995.398421052631
9,5,APEX,247,34.0,True,True,False,Motor,12.03.25 18-55-29.csv,2025-03-12T18:54:00Z,2025-03-12T18:55:59Z,7.830214,3.4880000000000004,22.420659700215346,-41.7160733673159,24.1246153846154,14.5507692307692,995.402051282051
9,5,BASIS,247,34.0,True,True,False,Motor,12.03.25 19-05-01.csv,2025-03-12T19:04:00Z,2025-03-12T19:05:59Z,8.683213,3.2040149999999996,19.010945687779824,-20.1204579265786,24.1684615384615,14.4848717948718,995.407948717949
9,6,APEX,211,32.0,True,False,False,Jerk,12.03.25 18-57-04.csv,2025-03-12T18:56:00Z,2025-03-12T18:57:59Z,2.3200000000000003,1.168,6.863603983155689,-35.5052280334282,24.1348717948718,14.6782051282051,995.400512820513
9,6,BASIS,211,31.0,True,True,False,Motor,12.03.25 19-06-37.csv,2025-03-12T19:05:00Z,2025-03-12T19:06:59Z,6.510196,2.186993,20.63645346087017,-16.0520631507447,24.1692105263158,14.4686842105263,995.404473684211
10,1,APEX,193,35.0,True,False,False,Motor,25.03.25 12-48-13.csv,2025-03-25T12:47:00Z,2025-03-25T12:48:59Z,5.679213000000001,2.45,14.929798982363792,-41.5789786420446,23.81,24.15575,1000.0975
10,1,BASIS,193,36.0,True,True,False,Jerk,25.03.25 13-02-10.csv,2025-03-25T13:02:00Z,2025-03-25T13:03:59Z,3.804008,2.199711,10.297604304411207,-30.614362274977,23.8425,23.5827777777778,1000.22305555556
10,2,APEX,204,35.0,True,False,False,Motor,25.03.25 13-04-12.csv,2025-03-25T13:03:00Z,2025-03-25T13:04:59Z,7.502213,4.032,8.033534101139827,-22.3194584748813,23.8397142857143,23.662,1000.23085714286
10,2,BASIS,204,37.0,True,True,False,Motor,25.03.25 12-50-21.csv,2025-03-25T12:49:00Z,2025-03-25T12:50:59Z,9.526198,6.22,8.257973092993618,-31.7011118542459,23.8155,23.9955,1000.125
10,3,APEX,174,37.0,True,True,True,Jerk,25.03.25 12-52-18.csv,2025-03-25T12:51:00Z,2025-03-25T12:52:59Z,3.136015,1.844015,19.914145138206376,-23.9830155211986,23.821,23.87325,1000.17375
10,3,BASIS,174,36.0,True,False,False,Motor,25.03.25 13-07-53.csv,2025-03-25T13:07:00Z,2025-03-25T13:08:59Z,8.996213999999998,6.345001,11.545208737673102,-19.3570220751177,23.8365714285714,23.5037142857143,1000.26828571429
10,4,APEX,173,37.0,True,True,True,Motor,25.03.25 13-09-37.csv,2025-03-25T13:08:00Z,2025-03-25T13:09:59Z,6.250213,3.2680149999999997,8.07310403533793,-15.7855875060016,23.8525714285714,23.5694285714286,1000.28742857143
10,4,BASIS,173,35.0,True,False,False,Motor,25.03.25 12-54-20.csv,2025-03-25T12:53:00Z,2025-03-25T12:54:59Z,9.576204,6.848993,8.839378951555174,-17.0752604469492,23.8387804878049,23.8019512195122,1000.1856097561
10,5,APEX,178,35.0,True,True,False,Jerk,25.03.25 13-11-24.csv,2025-03-25T13:10:00Z,2025-03-25T13:12:59Z,7.386993,5.3508830000000005,40.633925762096894,-12.4191736572063,23.8895081967213,23.3804918032787,1000.32098360656
10,5,BASIS,178,31.0,True,False,False,Jerk,25.03.25 12-58-34.csv,2025-03-25T12:57:00Z,2025-03-25T12:58:59Z,9.879,5.696015,2.5303821413665535,-49.1238089840412,23.8210526315789,23.551052631579,1000.19973684211
10,6,APEX,186,35.0,True,False,True,Jerk,25.03.25 13-00-35.csv,2025-03-25T13:00:00Z,2025-03-25T13:01:59Z,7.456015,3.843007,12.725397727486376,-38.092928913716,23.8389743589744,23.6258974358974,1000.21282051282
10,6,BASIS,186,33.0,False,False,False,Jerk,25.03.25 13-15-27.csv,2025-03-25T13:15:00Z,2025-03-25T13:16:59Z,4.984,3.228,1.6610997773955192,-5.79861704935025,23.9069230769231,23.4212820512821,1000.36641025641
11,1,APEX,230,35.0,True,False,True,Jerk,25.03.25 13-31-46.csv,2025-03-25T13:31:00Z,2025-03-25T13:32:59Z,8.398,4.699,11.731124618984827,-36.282788210899,23.848,23.4885,1000.47975
11,1,BASIS,230,37.0,True,False,False,Jerk,25.03.25 13-44-38.csv,2025-03-25T13:43:00Z,2025-03-25T13:44:59Z,4.547,4.279015,14.685051611582928,-29.7585112388486,23.937,23.06725,1000.5785
11,2,APEX,188,37.0,True,False,True,Jerk,25.03.25 13-33-28.csv,2025-03-25T13:33:00Z,2025-03-25T13:33:59Z,4.899985,3.84,4.177245117039999,-29.0611336009503,23.887,23.697,1000.493
11,2,BASIS,188,37.0,True,True,False,Motor,25.03.25 13-46-22.csv,2025-03-25T13:45:00Z,2025-03-25T13:46:59Z,11.354213,5.572021,10.355598334955515,-24.5192792854623,23.945,23.25325,1000.6005
11,3,APEX,187,35.0,True,False,True,Motor,25.03.25 13-48-18.csv,2025-03-25T13:47:00Z,2025-03-25T13:48:59Z,12.035212,5.844007,10.435785027007755,-19.2761310209193,23.95025,23.09925,1000.62375
11,3,BASIS,187,37.0,True,True,False,Jerk,25.03.25 13-35-45.csv,2025-03-25T13:35:00Z,2025-03-25T13:35:59Z,2.787,2.359,42.52448928489516,-26.4847827751947,23.9,23.3580952380952,1000.50142857143
11,4,APEX,194,37.0,True,True,True,Motor,25.03.25 13-49-57.csv,2025-03-25T13:49:00Z,2025-03-25T13:50:59Z,6.568212000000001,2.612,6.596873315598105,-15.2523920820847,23.9625641025641,23.2325641025641,1000.62820512821
11,4,BASIS,194,36.0,True,True,False,Jerk,25.03.25 13-37-28.csv,2025-03-25T13:36:00Z,2025-03-25T13:37:59Z,3.834982,2.306,27.14748723667345,-19.7921113989767,23.9189473684211,23.3692105263158,1000.52526315789
11,5,APEX,182,37.0,False,True,True,Motor,25.03.25 13-53-43.csv,2025-03-25T13:53:00Z,2025-03-25T13:53:59Z,4.994213,1.6800000000000002,6.642724191732412,-14.5925915094986,23.9445,23.081,1000.6175
11,5,BASIS,182,37.0,True,True,False,Motor,25.03.25 13-39-10.csv,2025-03-25T13:38:00Z,2025-03-25T13:39:59Z,8.162258,4.224,35.98393508199172,-14.0404244876748,23.9310810810811,23.2245945945946,1000.54486486486
11,6,APEX,220,37.0,True,True,True,Jerk,25.03.25 13-41-14.csv,2025-03-25T13:39:00Z,2025-03-25T13:41:59Z,6.210992000000001,4.019,19.145985939408273,-8.05737677610012,23.9356140350877,23.2470175438597,1000.56070175439
11,6,BASIS,220,36.0,False,False,False,Motor,25.03.25 13-56-30.csv,2025-03-25T13:56:00Z,2025-03-25T13:56:59Z,13.535,2.296114,1.2930365799337924,-7.01675837484805,23.9585,23.0115,1000.621
12,1,APEX,163,36.0,True,True,False,Motor,25.03.25 14-43-40.csv,2025-03-25T14:42:00Z,2025-03-25T14:43:59Z,6.245249,1.928,11.066600962134137,-20.0123151424501,23.97175,23.3745,1000.883
12,1,BASIS,163,34.0,True,False,False,Motor,25.03.25 14-26-04.csv,2025-03-25T14:24:00Z,2025-03-25T14:26:59Z,8.635206,5.260000000000001,5.814267950346725,-33.2476466835842,23.7843333333333,23.5018333333333,1000.87616666667
12,2,APEX,180,34.0,True,False,False,Jerk,25.03.25 14-47-55.csv,2025-03-25T14:47:00Z,2025-03-25T14:48:59Z,5.852,4.1,42.77258649137534,-20.7063761423772,23.9712820512821,23.455641025641,1000.80307692308
12,2,BASIS,180,34.0,True,False,False,Motor,25.03.25 14-29-24.csv,2025-03-25T14:28:00Z,2025-03-25T14:29:59Z,8.792213,4.9,5.653894566242242,-20.477168133771,23.8564102564103,23.6623076923077,1000.91461538462
12,3,APEX,222,36.0,True,False,True,Jerk,25.03.25 14-32-58.csv,2025-03-25T14:32:00Z,2025-03-25T14:33:59Z,7.916,5.448015,20.54412361440793,-9.95859753491443,23.9246153846154,23.4484615384615,1000.87153846154
12,3,BASIS,222,35.0,True,False,False,Jerk,25.03.25 14-50-18.csv,2025-03-25T14:49:00Z,2025-03-25T14:50:59Z,9.008,6.627999999999998,43.10966370861844,-12.114174162687,23.9895,23.45425,1000.824
12,4,APEX,185,36.0,True,False,False,Motor,25.03.25 14-37-27.csv,2025-03-25T14:36:00Z,2025-03-25T14:37:59Z,9.703211,6.809999,4.632822772146207,-39.7359483155009,23.9247368421053,23.4131578947368,1000.86394736842
12,4,BASIS,185,36.0,True,True,False,Jerk,25.03.25 14-53-09.csv,2025-03-25T14:52:00Z,2025-03-25T14:53:59Z,8.236,6.728985000000001,43.93246710226155,-14.2611340695914,23.9865789473684,23.3660526315789,1000.81631578947
12,5,APEX,225,34.0,True,False,True,Jerk,25.03.25 14-39-42.csv,2025-03-25T14:38:00Z,2025-03-25T14:39:59Z,5.806985000000001,3.915985,19.86682870895362,-31.7412256893811,23.9437837837838,23.4048648648649,1000.88189189189
12,5,BASIS,225,35.0,True,True,False,Motor,25.03.25 14-55-10.csv,2025-03-25T14:54:00Z,2025-03-25T14:55:59Z,9.785198,5.826,29.625528195238275,-11.8801815478537,23.9915384615385,23.4171794871795,1000.82564102564
12,6,APEX,175,35.0,False,False,False,Jerk,25.03.25 14-56-48.csv,2025-03-25T14:56:00Z,2025-03-25T14:57:59Z,5.471991,3.712007,1.570863578245346,-10.0611271997962,23.9978048780488,23.3682926829268,1000.85268292683
12,6,BASIS,175,35.0,True,True,False,Motor,25.03.25 14-42-06.csv,2025-03-25T14:40:00Z,2025-03-25T14:42:59Z,5.418213000000001,2.055993,28.509195448443105,-24.316461161911,23.9695081967213,23.3501639344262,1000.88360655738
13,1,APEX,230,36.0,True,False,True,Motor,25.03.25 15-18-45.csv,2025-03-25T15:17:00Z,2025-03-25T15:19:59Z,9.115212,6.98,2.3369291297313772,-41.252127034656,23.9429090909091,23.3245454545455,1000.956
13,1,BASIS,230,36.0,True,True,False,Jerk,25.03.25 15-36-57.csv,2025-03-25T15:36:00Z,2025-03-25T15:37:59Z,11.74,8.507985,39.65095834908051,-20.7885137176009,23.95825,23.2455,1001.18375
13,2,APEX,210,36.0,True,True,False,Jerk,25.03.25 15-38-38.csv,2025-03-25T15:38:00Z,2025-03-25T15:39:59Z,10.771999999999998,9.750007,27.531043424244483,-16.0860662931502,23.9734146341463,23.1446341463415,1001.18609756098
13,2,BASIS,210,36.0,True,False,False,Motor,25.03.25 15-20-53.csv,2025-03-25T15:20:00Z,2025-03-25T15:21:59Z,5.695748,1.64,3.3810310442601734,-31.088807077027,23.9555,23.2715,1000.97625
13,3,APEX,170,34.0,True,True,False,Jerk,25.03.25 15-23-41.csv,2025-03-25T15:22:00Z,2025-03-25T15:23:59Z,6.238,4.321993000000001,35.20384209351483,-20.1126606347382,23.9821951219512,23.1263414634146,1000.97268292683
13,3,BASIS,170,35.0,True,False,False,Motor,25.03.25 15-43-09.csv,2025-03-25T15:42:00Z,2025-03-25T15:43:59Z,8.795212999999999,6.2749999999999995,5.246680164044827,-40.8996413655334,23.9294871794872,23.3664102564103,1001.21487179487
13,4,APEX,194,36.0,True,True,True,Jerk,25.03.25 15-46-41.csv,2025-03-25T15:46:00Z,2025-03-25T15:46:59Z,3.536,2.36,17.204546786926723,-26.1447928888152,23.9509523809524,23.3171428571429,1001.25047619048
13,4,BASIS,194,36.0,True,True,False,Jerk,25.03.25 15-25-39.csv,2025-03-25T15:25:00Z,2025-03-25T15:26:59Z,11.999007,5.514985999999999,54.49073049702534,-13.7390815778556,24.0051282051282,23.1171794871795,1001.02897435897
13,5,APEX,183,36.0,True,False,False,Jerk,25.03.25 15-32-50.csv,2025-03-25T15:32:00Z,2025-03-25T15:33:59Z,7.967029,5.895022999999999,24.40627481098155,-34.7503342994529,23.8835,23.20175,1001.12
13,5,BASIS,183,36.0,True,True,False,Motor,25.03.25 15-48-21.csv,2025-03-25T15:47:00Z,2025-03-25T15:48:59Z,6.970213,2.956015,26.929538551487067,-20.4043379715296,23.9597435897436,23.238717948718,1001.27641025641
13,6,APEX,153,35.0,True,True,True,Motor,25.03.25 15-49-59.csv,2025-03-25T15:49:00Z,2025-03-25T15:50:59Z,6.222212,2.232,11.371854740233792,-15.4192575363625,23.97425,23.19025,1001.31625
13,6,BASIS,153,35.0,True,True,False,Motor,25.03.25 15-35-03.csv,2025-03-25T15:34:00Z,2025-03-25T15:35:59Z,11.98221,4.924007,38.35750303968431,-26.7633785433719,23.9392682926829,23.1241463414634,1001.16170731707
14,1,APEX,199,37.0,True,False,True,Motor,25.03.25 16-28-57.csv,2025-03-25T16:28:00Z,2025-03-25T16:29:59Z,10.619212,7.538985,6.757037334971377,-48.7163584699895,23.8817948717949,23.6441025641026,1001.69948717949
14,1,BASIS,199,36.0,True,True,False,Motor,25.03.25 16-44-41.csv,2025-03-25T16:44:00Z,2025-03-25T16:45:59Z,7.659213,1.736,37.20997494793931,-30.2307051036476,23.9636585365854,23.1936585365854,1001.91097560976
14,2,APEX,230,35.0,True,True,True,Motor,25.03.25 16-50-46.csv,2025-03-25T16:50:00Z,2025-03-25T16:51:59Z,7.074213,1.907985,24.399784504314137,-36.9224548107176,23.959512195122,22.8734146341463,1001.90146341463
14,2,BASIS,230,36.0,True,True,False,Motor,25.03.25 16-30-56.csv,2025-03-25T16:30:00Z,2025-03-25T16:31:59Z,4.851213,1.872,19.30196266415741,-40.26110434451,23.9012820512821,23.7579487179487,1001.77076923077
14,3,APEX,172,32.0,True,False,False,Jerk,25.03.25 16-53-50.csv,2025-03-25T16:53:00Z,2025-03-25T16:54:59Z,9.055999,4.6040019999999995,15.498224227590518,-23.494132678223,23.9579487179487,22.9279487179487,1001.97076923077
14,3,BASIS,172,35.0,True,True,False,Jerk,25.03.25 16-33-25.csv,2025-03-25T16:32:00Z,2025-03-25T16:33:59Z,6.642985,3.0390150000000005,27.938257826441898,-31.048216621361,23.9241025641026,23.4635897435897,1001.79615384615
14,4,APEX,164,35.0,True,True,False,Jerk,25.03.25 16-35-21.csv,2025-03-25T16:34:00Z,2025-03-25T16:35:59Z,9.307,2.3840000000000003,30.568088215131723,-24.8015778319233,23.93175,23.307,1001.82
14,4,BASIS,164,36.0,True,True,False,Jerk,25.03.25 16-57-15.csv,2025-03-25T16:57:00Z,2025-03-25T16:57:59Z,6.903,5.183014,35.07801389005948,-11.99057262638,23.9635,22.812,1001.9985
14,5,APEX,212,34.0,True,False,False,Motor,25.03.25 16-40-37.csv,2025-03-25T16:39:00Z,2025-03-25T16:40:59Z,10.670267,4.22,4.566663517084827,-48.1881274942935,23.9363414634146,23.1917073170732,1001.88365853659
14,5,BASIS,212,33.0,True,False,False,Jerk,25.03.25 17-03-21.csv,2025-03-25T17:03:00Z,2025-03-25T17:03:59Z,12.127,6.436000000000002,18.524800781917413,-33.4604247649617,23.9576190476191,22.8033333333333,1002.03047619048
14,6,APEX,169,34.0,True,False,False,Motor,25.03.25 17-05-52.csv,2025-03-25T17:05:00Z,2025-03-25T17:06:59Z,8.523213,4.069999999999999,13.075455558064306,-21.1060564519211,23.9517948717949,22.7653846153846,1002.07
14,6,BASIS,169,34.0,True,False,False,Jerk,25.03.25 16-43-05.csv,2025-03-25T16:42:00Z,2025-03-25T16:43:59Z,5.646999999999999,3.566993,2.702898679881033,-36.6897677642414,23.9433333333333,23.11,1001.91256410256
